<?xml version="1.0" encoding="UTF-8"?>
<beans xmlns="http://www.springframework.org/schema/beans" xmlns:xsi="http://www.w3.org/2001/XMLSchema-instance"
	xmlns:jdbc="http://www.springframework.org/schema/jdbc"
	xsi:schemaLocation="http://www.springframework.org/schema/beans http://www.springframework.org/schema/beans/spring-beans-4.0.xsd
        http://www.springframework.org/schema/jdbc  http://www.springframework.org/schema/jdbc/spring-jdbc-4.0.xsd">
	
	<bean id="applicationContextProvider" class="com.nexacro.uiadapter17.spring.core.context.ApplicationContextProvider" lazy-init="false" />
	
	  <bean id="mysqlDbms"  class="com.nexacro.uiadapter17.spring.dao.dbms.Mysql" />
	<!-- 
	  <bean id="mssqlDbms"  class="com.nexacro.uiadapter17.spring.dao.dbms.Mssql" />
	  <bean id="hsqlDbms"   class="com.nexacro.uiadapter17.spring.dao.dbms.Hsql" />
	  <bean id="oracleDbms" class="com.nexacro.uiadapter17.spring.dao.dbms.Oracle" />
	  <bean id="tiberoDbms" class="com.nexacro.uiadapter17.spring.dao.dbms.Tibero" />
	 -->  
	  <bean id="dbmsProvider" class="com.nexacro.uiadapter17.spring.dao.DbVendorsProvider">
	      <property name="dbvendors">
	          <map>
	           <entry key="MySQL"      value-ref="mysqlDbms"/>
	<!-- 
	           <entry key="HSQL Database Engine" value-ref="hsqlDbms"/>
	           <entry key="Oracle"     value-ref="oracleDbms"/>
	           <entry key="SQL Server" value-ref="mssqlDbms"/>
               <entry key="Tibero"     value-ref="tiberoDbms"/>
	 -->
	          </map>
	      </property>
  	</bean>
</beans>
