<?xml version="1.0" encoding="UTF-8"?>
<beans xmlns="http://www.springframework.org/schema/beans" xmlns:xsi="http://www.w3.org/2001/XMLSchema-instance"
        xmlns:p="http://www.springframework.org/schema/p"
        xmlns:context="http://www.springframework.org/schema/context"
        xmlns:mvc="http://www.springframework.org/schema/mvc"
        xsi:schemaLocation="http://www.springframework.org/schema/beans http://www.springframework.org/schema/beans/spring-beans-4.0.xsd
                http://www.springframework.org/schema/context http://www.springframework.org/schema/context/spring-context-4.0.xsd
                http://www.springframework.org/schema/mvc http://www.springframework.org/schema/mvc/spring-mvc-4.0.xsd">
	
	<mvc:annotation-driven/>
  
	<context:component-scan base-package="admin,user"/>
    
    <!-- /////////////////////////////////// 넥사크로플랫폼 UIADAPTER17 설정 시작 /////////////////////////////////// -->
    <bean id="nexacroFileView"    class="com.nexacro.uiadapter17.spring.core.view.NexacroFileView" />
    <bean id="nexacroView"        class="com.nexacro.uiadapter17.spring.core.view.NexacroView">
        <property name="defaultContentType" value="PlatformXml" />
        <property name="defaultCharset" value="UTF-8" />
    </bean>
    
    <!-- 넥사크로플랫폼 RequestMappingHandlerAdapter 구현체 등록 -->
    <bean class="com.nexacro.uiadapter17.spring.core.resolve.NexacroRequestMappingHandlerAdapter" p:order="0">
        <property name="customArgumentResolvers">
            <list><bean class="com.nexacro.uiadapter17.spring.core.resolve.NexacroMethodArgumentResolver" /></list>
        </property>
        <property name="customReturnValueHandlers">
            <list>
                <bean class="com.nexacro.uiadapter17.spring.core.resolve.NexacroHandlerMethodReturnValueHandler">
                    <property name="view"     ref="nexacroView" />
                    <property name="fileView" ref="nexacroFileView" />
                </bean>
            </list>
        </property>
    </bean>
    
    <!-- 넥사크로플랫폼 EXCEPTION-RESOLVER 등록 -->
    <bean id="exceptionResolver" class="com.nexacro.uiadapter17.spring.core.resolve.NexacroMappingExceptionResolver" p:order="1">
        <property name="view" ref="nexacroView" />   
        <property name="shouldLogStackTrace" value="true" />   
        <property name="shouldSendStackTrace" value="true" />
        <!-- shouldSendStackTrace 가 false 일 경우 nexacro platform으로 전송되는 에러메시지  -->
        <!-- <property name="defaultErrorMsg" value="An Error Occured. check the ErrorCode for detail of error infomation" /> -->
        <property name="defaultErrorMsg" value="fail.common.msg" />
        <property name="messageSource" ref="messageSource" />   
    </bean>    
    <!-- /////////////////////////////////// 넥사크로플랫폼 UIADAPTER17 설정 끝 /////////////////////////////////// -->
    <bean id="localeResolver" class="org.springframework.web.servlet.i18n.SessionLocaleResolver" />
    <!-- 쿠키를 이용한 Locale 이용시 <bean id="localeResolver" class="org.springframework.web.servlet.i18n.CookieLocaleResolver"/> -->
    <bean id="localeChangeInterceptor" class="org.springframework.web.servlet.i18n.LocaleChangeInterceptor">
        <property name="paramName" value="language" />
    </bean>

    <bean class="org.springframework.web.servlet.handler.SimpleMappingExceptionResolver">
        <property name="defaultErrorView" value="cmmn/egovError"/>
        <property name="exceptionMappings">
            <props>
                <prop key="org.springframework.dao.DataAccessException">cmmn/dataAccessFailure</prop>
                <prop key="org.springframework.transaction.TransactionException">cmmn/transactionFailure</prop>
                <prop key="egovframework.rte.fdl.cmmn.exception.EgovBizException">cmmn/egovError</prop>
                <prop key="org.springframework.security.AccessDeniedException">cmmn/egovError</prop>
            </props>
        </property>
    </bean>

    <bean class="org.springframework.web.servlet.view.UrlBasedViewResolver" p:order="1"
	    p:viewClass="org.springframework.web.servlet.view.JstlView"
	    p:prefix="/WEB-INF/jsp/" p:suffix=".jsp"/>

  <!-- json 설정 -->
   <bean id="beanNameResolver" class="org.springframework.web.servlet.view.BeanNameViewResolver">
      <property name="order" value="0"/>
   </bean>

   
   <bean id="jsonView" class="org.springframework.web.servlet.view.json.MappingJackson2JsonView">
      <property name="contentType" value="application/json;charset=UTF-8"></property>
   </bean>
</beans>