<?xml version="1.0" encoding="UTF-8"?>
<section name="Workbench">
	<section name="SmartImportWizard">
		<item key="SmartImportRootWizardPage.STORE_HIDE_ALREADY_OPEN" value="false"/>
		<item key="SmartImportRootWizardPage.STORE_CLOSE_IMPORTED" value="false"/>
		<item key="SmartImportRootWizardPage.STORE_NESTED_PROJECTS" value="true"/>
		<item key="SmartImportRootWizardPage.STORE_CONFIGURE_NATURES" value="true"/>
		<list key="org.eclipse.ui.internal.wizards.datatransfer.SmartImportRootWizardPage.knownSources">
			<item value="C:\eGovFrameDev-3.10.0-64bit_nexa\workspace"/>
			<item value="C:\eGovFrameDev-3.10.0-64bit_nexa\workspace\EduPjt_20240830_LAST"/>
		</list>
	</section>
	<section name="ExternalProjectImportWizard">
		<item key="WizardProjectsImportPage.STORE_NESTED_PROJECTS" value="false"/>
		<item key="WizardProjectsImportPage.STORE_COPY_PROJECT_ID" value="false"/>
		<item key="WizardProjectsImportPage.STORE_ARCHIVE_SELECTED" value="false"/>
		<item key="WizardProjectsImportPage.STORE_CLOSE_CREATED_PROJECTS_ID" value="false"/>
		<item key="WizardProjectsImportPage.STORE_HIDE_CONFLICTING_PROJECTS_ID" value="false"/>
		<list key="WizardProjectsImportPage.STORE_DIRECTORIES">
			<item value="C:\eGovFrameDev-3.10.0-64bit_nexa\workspace\EduPjt_20240830_LAST"/>
		</list>
		<list key="WizardProjectsImportPage.STORE_ARCHIVES">
			<item value=""/>
		</list>
	</section>
	<section name="org.eclipse.ui.dialogs.FilteredResourcesSelectionDialog">
		<item key="ShowStatusLine" value="true"/>
		<item key="History" value="&lt;?xml version=&quot;1.0&quot; encoding=&quot;UTF-8&quot;?&gt;&#x0D;&#x0A;&lt;History&gt;&#x0D;&#x0A;&lt;historyRootNode&gt;&#x0D;&#x0A;&lt;infoNode path=&quot;/Servers/Tomcat v9.0 Server at localhost-config/server.xml&quot; type=&quot;1&quot;/&gt;&#x0D;&#x0A;&lt;/historyRootNode&gt;&#x0D;&#x0A;&lt;/History&gt;"/>
		<item key="ShowDerived" value="false"/>
		<item key="FilterByLocation" value="false"/>
		<item key="WorkingSet" value="&lt;?xml version=&quot;1.0&quot; encoding=&quot;UTF-8&quot;?&gt;&#x0D;&#x0A;&lt;workingSet workingSetName=&quot;&quot;/&gt;"/>
		<section name="DialogBoundsSettings">
			<item key="DIALOG_HEIGHT" value="500"/>
			<item key="DIALOG_WIDTH" value="1013"/>
			<item key="DIALOG_X_ORIGIN" value="235"/>
			<item key="DIALOG_Y_ORIGIN" value="186"/>
			<item key="DIALOG_FONT_NAME" value="1|맑은 고딕|9.0|0|WINDOWS|1|-15|0|0|0|400|0|0|0|1|0|0|0|0|맑은 고딕"/>
		</section>
	</section>
	<section name="CleanDialogSettings">
		<item key="TOGGLE_SELECTED" value="false"/>
		<item key="DIALOG_WIDTH" value="581"/>
		<item key="DIALOG_HEIGHT" value="434"/>
		<item key="DIALOG_FONT_NAME" value="1|맑은 고딕|9.0|0|WINDOWS|1|-15|0|0|0|400|0|0|0|1|0|0|0|0|맑은 고딕"/>
	</section>
</section>
