<?xml version="1.0" encoding="UTF-8"?>
<section name="Workbench">
	<section name="org.eclipse.ui.texteditor.FindReplaceDialog">
		<item key="selection" value="for"/>
		<item key="wrap" value="true"/>
		<item key="casesensitive" value="false"/>
		<item key="wholeword" value="false"/>
		<item key="incremental" value="false"/>
		<item key="isRegEx" value="false"/>
		<list key="findhistory">
			<item value="PassInit"/>
			<item value="Controller"/>
			<item value="lombok"/>
			<item value="tomcat-embed-jasper"/>
			<item value="log4jdbc-remix"/>
			<item value="commons-dbcp2"/>
			<item value="commons-dbcp"/>
			<item value="mariadb-java-client"/>
			<item value="mysql-connector-java"/>
			<item value="22222"/>
			<item value="222"/>
			<item value="BOARD_WRITER22222"/>
			<item value="btn_login_onclick"/>
			<item value="연결"/>
		</list>
		<list key="replacehistory">
		</list>
	</section>
	<section name="org.eclipse.ui.texteditor.FindReplaceDialog_dialogBounds">
		<item key="DIALOG_X_ORIGIN" value="1443"/>
		<item key="DIALOG_Y_ORIGIN" value="186"/>
		<item key="DIALOG_WIDTH" value="340"/>
		<item key="DIALOG_HEIGHT" value="454"/>
		<item key="DIALOG_FONT_NAME" value="1|맑은 고딕|9.0|0|WINDOWS|1|-15|0|0|0|400|0|0|0|1|0|0|0|0|맑은 고딕"/>
	</section>
</section>
