<?xml version="1.0" encoding="UTF-8"?>
<Configuration>
    <Appenders>
        <Console name="console" target="SYSTEM_OUT">
            <PatternLayout pattern="%d %5p [%c] %m%n" />
        </Console>
    </Appenders>
    <Loggers>        
        <Logger name="java.sql.Connection" level="WARN" additivity="false">
            <AppenderRef ref="console" />
        </Logger>
        <Logger name="java.sql.PreparedStatement" level="WARN" additivity="false">
            <AppenderRef ref="console" />
        </Logger>
        <Logger name="egovframework" level="DEBUG" additivity="false">
            <AppenderRef ref="console" />
        </Logger>
        <Logger name="org.springframework" level="WARN" additivity="false">
            <AppenderRef ref="console" />
        </Logger>        
		<logger name="jdbc.resultsettable" level="INFO" additivity="false"> 
			<AppenderRef ref="console"/>  	
		</logger>    	
		<logger name="jdbc.resultset" level="WARN" additivity="false">		
			<AppenderRef ref="console"/> 
		</logger>    
		<logger name="jdbc.sqltiming" level="WARN" additivity="false">
			<AppenderRef ref="console"/> 	
		</logger>		
		<logger name="com.nexacro" level="ERROR" additivity="false"> 
			<AppenderRef ref="console"/> 
		</logger> 
		<Logger name="java.sql" level="DEBUG" additivity="false">
		    <AppenderRef ref="console"/>
		</Logger>
		
		<Logger name="com.edupjt.controller" level="DEBUG" additivity="false">
		    <AppenderRef ref="console"/>
		</Logger>
		
		<Logger name="org.mybatis" level="DEBUG" additivity="false">
		    <AppenderRef ref="console"/>
		</Logger>
		
		<Logger name="com.mapper" level="DEBUG" additivity="false">
		    <AppenderRef ref="console"/>
		</Logger>

        <Root level="INFO">
            <AppenderRef ref="console" />
        </Root>
    </Loggers>
</Configuration>
