<?xml version="1.0" encoding="utf-8"?>
<license version="1.1">
	<product>
		<name>nexacro&#32;platform</name>
		<version>17</version>
		<function>Runtime,WebBrowser</function>
	</product>
	<customer>
		<name>TOBESOFT</name>
		<developerCount>0</developerCount>
		<rootDomain>0.0.0.0</rootDomain>
		<targetPlatform>Windows,WindowsRT,macOS,iOS,Android,WindowsXP</targetPlatform>
	</customer>
	<date>
		<activation>2025-08-01</activation>
		<term unit="month">2</term>
	</date>
	<key>YA2SM5D3Q4GB35C6ZQ5M7QG3YKJ8YGBHF</key>
</license>