<?xml version="1.0" encoding="utf-8"?>
<license version="1.1">
	<product>
		<name>nexacro&#32;platform</name>
		<version>17</version>
		<function>Runtime,WebBrowser</function>
	</product>
	<customer>
		<name>TOBESOFT</name>
		<coreCount>0</coreCount>
		<ipAddress>0.0.0.0</ipAddress>
		<targetPlatform>Windows,WindowsRT,macOS,iOS,Android,WindowsXP</targetPlatform>
	</customer>
	<date>
		<activation>2025-08-01</activation>
		<term unit="month">2</term>
	</date>
	<key>PRJ3FGA2SQF2UQ82JDA8GU58TSA5ZYJ3V</key>
</license>