<?xml version="1.0" encoding="UTF-8" standalone="no"?>
<qualifiedTypeNameHistroy>
<fullyQualifiedTypeName name="com.nexacro.uiadapter17.spring.core.annotation.ParamDataSet"/>
<fullyQualifiedTypeName name="sample.web.MainController"/>
<fullyQualifiedTypeName name="java.util.Map"/>
<fullyQualifiedTypeName name="com.nexacro.uiadapter17.spring.core.data.NexacroResult"/>
<fullyQualifiedTypeName name="sample.service.MainService"/>
<fullyQualifiedTypeName name="java.util.HashMap"/>
<fullyQualifiedTypeName name="sample.mapper.MainMapper"/>
<fullyQualifiedTypeName name="org.springframework.web.bind.annotation.RequestMapping"/>
<fullyQualifiedTypeName name="javax.annotation.Resource"/>
<fullyQualifiedTypeName name="org.springframework.beans.factory.annotation.Autowired"/>
<fullyQualifiedTypeName name="com.nexacro17.xapi.data.DataTypes"/>
<fullyQualifiedTypeName name="com.nexacro17.xapi.data.datatype.DataType"/>
<fullyQualifiedTypeName name="java.util.List"/>
<fullyQualifiedTypeName name="com.nexacro17.xapi.data.DataSet"/>
<fullyQualifiedTypeName name="java.lang.Integer"/>
<fullyQualifiedTypeName name="java.util.Calendar"/>
<fullyQualifiedTypeName name="java.util.Date"/>
<fullyQualifiedTypeName name="java.text.SimpleDateFormat"/>
<fullyQualifiedTypeName name="org.springframework.context.annotation.Configuration"/>
<fullyQualifiedTypeName name="org.springframework.web.servlet.config.annotation.WebMvcConfigurer"/>
<fullyQualifiedTypeName name="org.springframework.web.servlet.HandlerInterceptor"/>
<fullyQualifiedTypeName name="org.springframework.web.servlet.config.annotation.InterceptorRegistry"/>
<fullyQualifiedTypeName name="sample.interceptor.AuthInterceptor"/>
<fullyQualifiedTypeName name="javax.servlet.http.HttpSession"/>
<fullyQualifiedTypeName name="javax.servlet.http.HttpServletRequest"/>
<fullyQualifiedTypeName name="javax.servlet.http.HttpServletResponse"/>
<fullyQualifiedTypeName name="java.lang.System"/>
<fullyQualifiedTypeName name="org.springframework.web.servlet.ModelAndView"/>
<fullyQualifiedTypeName name="org.springframework.stereotype.Controller"/>
<fullyQualifiedTypeName name="org.springframework.stereotype.Service"/>
<fullyQualifiedTypeName name="egovframework.rte.psl.dataaccess.mapper.Mapper"/>
</qualifiedTypeNameHistroy>
