<?xml version="1.0" encoding="UTF-8"?>
<section name="Workbench">
	<section name="ImportExportAction">
		<item key="ImportExportPage.STORE_SELECTED_IMPORT_WIZARD_ID" value="org.eclipse.ui.wizards.import.ExternalProject"/>
		<list key="ImportExportPage.STORE_EXPANDED_IMPORT_CATEGORIES">
			<item value="org.eclipse.ui.Basic"/>
		</list>
	</section>
	<section name="NewWizardAction">
		<item key="NewWizardSelectionPage.STORE_SELECTED_ID" value="net.harawata.mybatipse.wizard.NewXmlMapperWizard"/>
		<list key="NewWizardSelectionPage.STORE_EXPANDED_CATEGORIES_ID">
			<item value="org.eclipse.emf.codegen.ecore.ui.wizardCategory"/>
			<item value="net.harawata.mybatipse.wizard.mybatisCategory"/>
			<item value="org.eclipse.jst.ws.ui.new"/>
			<item value="org.eclipse.wst.XMLCategory"/>
			<item value="org.eclipse.ui.Examples"/>
			<item value="org.eclipse.ui.Examples/org.eclipse.wst.xml.examples"/>
		</list>
	</section>
</section>
